,filename,electrode 0,electrode 1,electrode 2,electrode 3,electrode 4,electrode 5,electrode 6,electrode 7,electrode 8,electrode 9,electrode 10,electrode 11,electrode 12,electrode 13
0,A028SB3_1.csv,0.007717516561146896,0.005228211371850254,0.003339030214463623,0.004161816226392542,0.0022695643677863885,0.0026524631647284608,0.0030646916970045106,0.003018764431266983,0.0034393069670377403,0.003539578850399196,0.028528067511828178,0.02098008347699176,0.0121533913726475,0.008780300298107536
1,A021SB1_1.csv,0.0069002593348764735,0.005534104826019197,0.0030512571872740725,0.012575392613962188,0.00247113579250914,0.004293267885830584,0.002622920710402905,0.0029707026257925215,0.0030417805126532857,0.003576897158924258,0.020261136678443255,0.015311860053869116,0.008894020242047369,0.008097449684984789
2,A026SV1_1.csv,0.018898908025463988,0.008027388278663743,0.0030653010875314273,0.010948916846207,0.002651921682760344,0.003635721070368732,0.003335806040844471,0.004506453345305113,0.003118191553230352,0.0034306789020939576,0.016942672679565094,0.01358458705510166,0.01355990908990093,0.007389596465697757
3,A024SV1_1.csv,0.01642005992727749,0.007327874988478567,0.0033282035469350056,0.010175404181297185,0.0028233542867682243,0.0034205490555179008,0.0034005905989599027,0.004711392832040271,0.0030658664222838086,0.004093229642766872,0.014535982720636224,0.012394622889024796,0.012118640423469766,0.008183786587512034
4,A007SB2_1.csv,0.01496275488970536,0.0068041915624345055,0.0032499943312461928,0.009363035679214293,0.003050743918138054,0.003312799311297828,0.003255098789162507,0.004415676298553441,0.0030100145465526964,0.005897063615125584,0.01326038218677911,0.011417107306831702,0.01115802917679947,0.00759094398601489
5,A014SM1_1.csv,0.015213288853071518,0.007370154579817658,0.003482371261327228,0.0091010055403292,0.003116967702201559,0.003213689039230336,0.0031688810337835195,0.004289569350394018,0.0030307253585852684,0.00566845283413772,0.012658493318133167,0.011264698476833116,0.010838419462663859,0.010577792883834907
6,A030SB2_2.csv,0.014634814127972304,0.007195953949580755,0.0036952102173226516,0.008550262886756225,0.003142599629084982,0.003047626686935462,0.003105941419369209,0.01045821001632014,0.025217621385229833,0.00549832343898663,0.012334551882870508,0.01059772341983309,0.010301126669090012,0.01026495293555786
7,A025SB1_1.csv,0.015073613439913711,0.011767071999164996,0.005361117027197337,0.008792231413105098,0.0065149327696516135,0.004091884039297085,0.005336984759605911,0.010276135785438442,0.023777554137927835,0.007057440346552877,0.012333207251346512,0.010516577040204917,0.012821679241753495,0.011235672868642303
8,A008SB2_1.csv,0.027164157615753515,0.025268000724923304,0.021972882179989103,0.024035305467543358,0.021845332628671894,0.017256764001417,0.023022551334883203,0.023440551870881118,0.03156665107376488,0.023796078337935508,0.02494542360486564,0.02422937653773026,0.025799177513500048,0.02473730351498389
9,A023SM1_1.csv,0.026528596600212773,0.02469176643204417,0.02137600804063187,0.023506069630908014,0.02130660587252116,0.01678562417109901,0.022484996456843105,0.02286047572235583,0.030653318127817,0.023278188185257263,0.024352965673878426,0.02361586190577307,0.025182941345336246,0.024204861788706535
10,A004SB3_1.csv,0.02577009554089728,0.024068524780330676,0.02096800463705115,0.023346409516035883,0.020912683760239043,0.016743141885497574,0.02198172913088311,0.02231309031258294,0.029549561197010018,0.022737639926617814,0.023735147524150825,0.023071580486490877,0.024533320950564413,0.024033540753008484
11,A013SM1_1.csv,0.024870305728326787,0.023209716537870864,0.02021628240766116,0.02249649947995559,0.020168720575167505,0.016138510733064448,0.021181303535042054,0.021506648826822284,0.028487632582737517,0.02193272677398984,0.022875788775605522,0.022239678486918803,0.023661689853616705,0.02318726571788356
12,A009SV1_2.csv,0.02860015578017018,0.027319963169883728,0.025207687135765888,0.02678836806217144,0.02531412226308219,0.02040129450582372,0.025188536339285365,0.02404438131176223,0.030428359693610265,0.027061682330280487,0.02694584986075787,0.02648461596961066,0.027619398469951807,0.027255341513725957
13,A004SM1_1.csv,0.027760380966175075,0.02665609923777301,0.024448540601301468,0.026052337071417252,0.02458707053618328,0.01979041191383769,0.024427573327524946,0.02332575493611062,0.029548727618566157,0.026261329114425025,0.0261505466638927,0.025728412062977872,0.02689062637756903,0.02646207272773458
14,A017SB3_1.csv,0.026915345302141635,0.025838560479175918,0.023696594373312098,0.02526322924311654,0.0238372835752073,0.019224324406069356,0.02369694141709942,0.02263642684810172,0.02864045382138312,0.025552306513283683,0.02534695106092857,0.024941752894563064,0.026075512418636385,0.02566871690574633
15,A018SB1_1.csv,0.026162427543924394,0.02597205545910693,0.022966684833828008,0.02448423885798668,0.02309767158196251,0.01862853520446452,0.023001550584241727,0.02199189480992267,0.027743477716080284,0.024755430068171807,0.024567938914680423,0.02416869651147755,0.02529728617231967,0.024946460539553007
16,A030SB1_1.csv,0.0254866240566327,0.025226371612206172,0.022292107097565756,0.023752766992091813,0.02240267076176155,0.018131411939876857,0.02230768207870326,0.021700982956035408,0.029119914500063137,0.024130134866020652,0.023955196826595734,0.023483141059821064,0.024583782124677173,0.02432040402911265
17,A013SV1_1.csv,0.024623330699509158,0.02436277561308274,0.021515084868640174,0.02292103112486218,0.021686245973982173,0.017503886381680635,0.021529192215602434,0.020950153130253675,0.02849489346061522,0.023321888555630672,0.02312064613559353,0.02266993680073542,0.023758756874493334,0.023500251224869022
18,A025SB3_1.csv,0.02492876905703791,0.02496198572944853,0.021845579689635422,0.023055135174042354,0.022636569003810985,0.017720129822354762,0.021872916070009133,0.02120252188532972,0.02846083961529687,0.023910202727190584,0.023419890762647687,0.02276710418882889,0.025698602923062162,0.024101005513750207
19,A007SB3_1.csv,0.02427457353086101,0.024343806888209824,0.021268810115989016,0.022449416322351135,0.02206046887371548,0.01726579719140289,0.021299392668797684,0.020642869628271717,0.027702365207059636,0.023291400503666203,0.02280242381641508,0.022184727367950415,0.025095142849386146,0.02347324807617331
20,A022SM1_1.csv,0.023921520355663313,0.0239958924478746,0.020932773746796498,0.02211520879872113,0.021724663898111726,0.016993205532554623,0.020961457591718618,0.020323785047681408,0.02726173216934655,0.022931282317907472,0.022473257036323104,0.02184879727863284,0.024752267471292593,0.023145521561625318
21,A015SB1_1.csv,0.023487490459964237,0.023545392269947327,0.02054152762817509,0.02174721762301214,0.02133099632039121,0.016670504794180828,0.020560087820100787,0.01994241993020306,0.026734798122230546,0.02249347608024507,0.02204647293075601,0.021453274685900883,0.0243541406830217,0.022728710890950188
22,A023SB1_1.csv,0.02302797175301776,0.023026260322522207,0.020088862237080195,0.02126018612337348,0.02085241618318321,0.01629370432138178,0.02010261272902622,0.01949740744082905,0.026127916398540174,0.022002726703092345,0.02154752843339568,0.02100289176088667,0.023814050596323796,0.02228331390236214
23,A010SM1_1.csv,0.025059109413032646,0.02475759767681743,0.02219616216272192,0.023344732726612288,0.022780810523603506,0.019285542052720338,0.022231571869522484,0.021985557110608022,0.02797214326603597,0.024047760263052196,0.02367163174959247,0.022710867994985933,0.02546798309672203,0.024118102537492022
24,A003SB1_1.csv,0.024546251709004045,0.02547192026904602,0.021736966392493756,0.022882324233673913,0.022312041936747868,0.018885542423158562,0.021771697668293472,0.021531324698915777,0.027394200944843156,0.02355164593739137,0.02318121961004519,0.022285476813656353,0.02494289227887127,0.02362652446179535
25,A008SV1_1.csv,0.024190412052945826,0.02510070645905938,0.02140773740702051,0.022541794484052562,0.021975283364674594,0.01859670293872168,0.021443696704895404,0.021210646866157836,0.026992060695367668,0.023201255041144744,0.022840041669662428,0.021966046808068667,0.024591203795427855,0.023293823805829828
26,A016SB3_1.csv,0.02374122246446149,0.02465459379925422,0.021004418795574478,0.022187371616764665,0.02157108516645593,0.018257478286311954,0.02104819753134711,0.02082477724996101,0.026473259994763163,0.022848596128890897,0.02243539227039922,0.02156263597146986,0.024150448731226182,0.022918181675584796
27,A019SB3_1.csv,0.023314449016835697,0.024320882793090626,0.020613275789957624,0.022078240259057354,0.021333806047084982,0.01792371570766306,0.020661445103883583,0.02044576583344119,0.025967544306217283,0.022424052590648603,0.022031265485511667,0.02120215693040727,0.02371326776538401,0.02250230890798006
28,A004SB1_1.csv,0.022936545805591162,0.023951046181294712,0.020256017298330323,0.021770417130884352,0.02096716019970197,0.017651920611332018,0.020301959310794305,0.020095381299873642,0.025540860461097298,0.02204233950780425,0.02172428065799525,0.02087957151789594,0.023323504594604316,0.022139683873769748
29,A002SM1_1.csv,0.0226189688120081,0.023612406511517154,0.019968679149545487,0.02149285332878699,0.02067426585631321,0.017400476484203835,0.020012917109287383,0.01981042944690963,0.025176335773226005,0.021731095358883352,0.021419043121814994,0.02062460820596601,0.022993124502099147,0.021832339984254105
30,A023SV1_1.csv,0.02263262972815735,0.023377597202648728,0.01965602096238072,0.021177628106274618,0.020371565375746335,0.017133212433819725,0.019691106387459308,0.019495353741003765,0.024769324645099355,0.021394627965532986,0.02116296173709641,0.020324408401748525,0.022656914360539876,0.02153312664487014
31,A015SB2_1.csv,0.022283248982363824,0.023183241756875732,0.019359033906129627,0.020882239460130993,0.020042775311890408,0.01685912205150951,0.019375960638840575,0.019187280870640366,0.024367639668481544,0.021054391274682283,0.020829019283114383,0.02000522204364508,0.02235967902292228,0.02120874387856249
32,A022SB2_1.csv,0.021962630408552432,0.022848297145075705,0.019047694427682258,0.020602175625069555,0.01971958018823004,0.01658937848924675,0.01906189379067256,0.018882471820779765,0.023969492353703898,0.020723481217912298,0.02052087396639057,0.019699744214291805,0.022091062608776423,0.02094279543683141
33,A003SM1_1.csv,0.02169182201162772,0.022568384097449806,0.018806737118816547,0.02034161560860954,0.019471607323848172,0.016378528717194033,0.018820640403214163,0.01864241089714639,0.023667911777902485,0.02046427212468239,0.02026258291001922,0.019479141172407666,0.02182382692418719,0.02090504706106727
34,A029SB1_1.csv,0.021386846155499482,0.02224808813640316,0.01853949599624575,0.020051774813521345,0.019189566776443005,0.01614470064328971,0.018548371435675674,0.018388174137143477,0.02332114528510513,0.020169378120189346,0.019972058976582212,0.019216284459359124,0.021935933989124114,0.020629151281615653
35,A006SB3_1.csv,0.021082364345282562,0.021927685701427155,0.018312827245286902,0.019763957691598534,0.01891429099186619,0.01591611506059777,0.018279174196675442,0.018122889761448616,0.022985496504965883,0.019881999777668337,0.01969052444363915,0.01894985285593089,0.021660989672110675,0.02034217067092978
36,A027SV1_1.csv,0.022089990782075648,0.02182808832901592,0.01818792288677201,0.019605949238605383,0.018802964590686227,0.015826412714769245,0.018209201120245256,0.018038481584910882,0.023654096855503296,0.019652624929475268,0.0207964109448525,0.022479475244974668,0.02222557635736988,0.021136351761481816
37,A004SV1_1.csv,0.021734980992175815,0.021527572716555712,0.017889709623017162,0.019306240911017025,0.018500448181854902,0.01556579920542362,0.0179060703148561,0.017748174240786972,0.02659703924049191,0.019343140328326215,0.020466857796989386,0.02212982740595249,0.02187260703294242,0.023368091718348753
38,A016SB2_1.csv,0.021517590752169406,0.021318395540049197,0.017710828844814203,0.01918858659000017,0.01831564112925727,0.015411242421829487,0.017734013473477715,0.017582498366982557,0.02631904271974425,0.020553058123468946,0.02027394093480689,0.021910419099747887,0.02166414515057409,0.023260313711694392
39,A025SB2_1.csv,0.021619284431173162,0.021886749062920378,0.017650190910005446,0.01915193510611057,0.018450473943327744,0.015400104420738497,0.017751164691500163,0.01751913381169352,0.0260913478999662,0.020550832549866827,0.020223994909709404,0.0218060764744053,0.02190039020439552,0.023145817876558363
40,A021SV1_1.csv,0.021601334823365025,0.021691978530456776,0.017374940336476092,0.01982653900345832,0.018167447542586142,0.015297600669415348,0.017469978333950833,0.01731622796105866,0.0258267061296566,0.020243500918811132,0.020182113734696385,0.021496734879658228,0.021580569955831796,0.0231661781830503
41,A021SB3_1.csv,0.021404345396941585,0.021488301194866007,0.01717998571088393,0.020182436219372553,0.017962067931112206,0.015204303220091394,0.017271506077903575,0.017137026984981353,0.025542650039692413,0.020023436722409926,0.02001825168084809,0.021268191402285988,0.02135114117348338,0.02314554432626351
42,A007SV1_1.csv,0.02112138240182815,0.02120420398061307,0.016974183967826507,0.019917154287866525,0.017736765056346162,0.015018916768814438,0.017038464455826897,0.01691692632408837,0.025195927546892306,0.019773038103737414,0.019754791893504257,0.020995344474964726,0.021079961681665357,0.02283966147746898
43,A027SM1_1.csv,0.02138949358820684,0.021103677619781703,0.016976197844724095,0.019827231572810695,0.017654398387554775,0.015495795250615264,0.016981798375268694,0.016862695806546653,0.02551049602889235,0.019781255968602213,0.019947620744733816,0.023509595722057238,0.02115299264334687,0.023238967188564795
44,A027SB1_1.csv,0.02153711033813059,0.02090101976140982,0.01685350301915472,0.019619939264956684,0.017486654291335092,0.015535945152662425,0.016846447344224906,0.016728002441143645,0.025530068070698447,0.019692899430810255,0.019878493655008597,0.024403528430421553,0.021003518491364857,0.023126021274581014
45,A001SB1_1.csv,0.021463050735150795,0.020853186981083998,0.016798960016470577,0.019578278863027865,0.020617396179871822,0.015491411423423489,0.016792077660444264,0.016673054514463447,0.025441766194282782,0.01962337615219008,0.01980885833105251,0.02431815198447994,0.020934033422730324,0.02304595644736817
46,A024SB2_1.csv,0.021243921237113383,0.020629767008744734,0.01662495670799902,0.01945894638901953,0.020390667447947333,0.015323178706467383,0.01661186789578433,0.016523513503263434,0.025159097648330832,0.0194171350577168,0.019598154154364847,0.024076698424896674,0.02072177374571974,0.022813295774987207
47,A016SM1_1.csv,0.021103485377675216,0.02050403973895692,0.016512509358557748,0.019376394285451463,0.020254736956702886,0.01522105632546406,0.016508373388283076,0.01642190489391041,0.024982410854026936,0.019292438599228502,0.019475881127665434,0.023937204278379434,0.020598419505948515,0.02268155852927361
48,A012SB3_1.csv,0.02090384198439588,0.02030210156097426,0.016348653979157444,0.019187284389608764,0.02004792946244606,0.01507502120800373,0.016340658346160344,0.016258617265015943,0.024724250085873912,0.019098006786368395,0.01927891090508511,0.023699091578919074,0.020397316852261548,0.022459788363657463
49,A011SB1_1.csv,0.020694460833678048,0.02009766011852266,0.016172995238376685,0.018979504351546883,0.019829810185868595,0.014922805242155912,0.016163831719253053,0.01608241810206114,0.0244531144333256,0.01893526139012757,0.01908046797501297,0.023444607360312755,0.020180493099288627,0.022223620517757857
50,A011SM1_1.csv,0.020547567953226785,0.019947888368278082,0.016039382241042042,0.018821149969336922,0.019681632363192224,0.0148213419366316,0.016027671189422155,0.015947782944521233,0.024245831180254272,0.018835382013594335,0.018925046086758105,0.0232538531453953,0.020017364273862956,0.02206704271853571
51,A025SM1_1.csv,0.02049454985630745,0.019865162194900376,0.01601453392839963,0.01876266565597671,0.019648110384645687,0.014743620116492358,0.01597383160589127,0.015880167653219292,0.024152031311484346,0.01878832757676209,0.01887467363702852,0.023134508494499204,0.019951037628241675,0.021983630329671183
52,A008SM1_1.csv,0.02034336891535565,0.019711942328991632,0.015896982769197154,0.018617259933909492,0.019486614546954037,0.014624815186980373,0.015884030223582705,0.015815212670716675,0.0239767537919055,0.018666377164924038,0.01874946258955273,0.022976778716326585,0.01982216106521888,0.02184756576669093
53,A017SB2_1.csv,0.020150874248017175,0.01952418854001729,0.015746108711758897,0.018443052430338693,0.019301675582744707,0.014485461552335438,0.015732639667882204,0.015665958030692446,0.02374449308493138,0.018495022908399376,0.018571107088246348,0.022755907066797348,0.019637767776710405,0.021640546827679862
54,A024SM1_1.csv,0.02005066459815727,0.019420703264122458,0.015659185209774114,0.01844671545061896,0.019191825083190596,0.01440369209438282,0.015642330313553585,0.015588898070929273,0.023619042823125172,0.018396760640230613,0.01847170543432197,0.022639895900866732,0.01953947840974892,0.02153356015262771
55,A030SM1_1.csv,0.019961558288298365,0.01932130258500734,0.015574977783960107,0.018345026910031693,0.01908363767134397,0.014322408136241324,0.015556699475235228,0.015521303197731736,0.027538953998177712,0.01829705155424763,0.018465484722952924,0.02251429933558006,0.01944181439235562,0.021424891450911396
56,A013SB1_1.csv,0.019781626214971287,0.01914128109245079,0.015433110935995378,0.018170945954699917,0.018907889315392692,0.014187076033754803,0.015409287639461464,0.015376161468323832,0.027277227325290844,0.018126768584021503,0.0182918119220923,0.02230176201346206,0.01926900405596437,0.02122867744444737
57,A027SB2_1.csv,0.019625660565661573,0.019125693166019544,0.01531063558015657,0.018032102312034438,0.01875036489325443,0.014089420126133637,0.015276964774801925,0.015267317691118715,0.0271993564324749,0.017989948711730947,0.018278036564514745,0.022971696857660248,0.019296680574417767,0.02114505323646743
58,A006SM1_3.csv,0.019477262171478243,0.01900693538839038,0.015196092923419084,0.017895514867304292,0.01860930757148132,0.013982964297063596,0.015161874636902745,0.015151417419320084,0.02698925686082858,0.017855976522963286,0.018142286440355853,0.02279918385909338,0.01919086945438182,0.02098546484782541
59,A001SB1_2.csv,0.01931158716463891,0.018839364152723744,0.01506617724826374,0.01775238001671288,0.01844352973723106,0.01386616870901601,0.015029308401930687,0.015090015502940375,0.026742018463173926,0.017698799654897193,0.017982231338830375,0.022603163368893744,0.01903976865319831,0.02080153258579858
60,A009SM1_1.csv,0.019797120917955473,0.019335026285783874,0.015743199926390214,0.01828696312335814,0.018933346185601756,0.014312117015682671,0.015563677976325851,0.01537794972502354,0.02682088824098139,0.0183229659779498,0.018468016454874177,0.022946512870479628,0.0195152597442333,0.021238967017183762
61,A002SB1_1.csv,0.019806249394386896,0.01917643160311973,0.015610543001572452,0.018234266765394188,0.01878287451810707,0.014191141431721753,0.015431622159208883,0.015249566627463783,0.02659124462623474,0.018276479553673685,0.02054666937800359,0.022770390144828047,0.01935109699650438,0.021069675038072895
62,A014SB1_1.csv,0.020032560740964385,0.019088582391802052,0.015493085471713465,0.01811292871373298,0.01863206254487233,0.01407454522702268,0.015304435918211982,0.015126051943336967,0.026369348110223356,0.01812681559915194,0.020379469683953797,0.022588506095534446,0.01920747614811913,0.020973218322741568
63,A026SB3_1.csv,0.019881737551024337,0.01894048630602434,0.015373702721003864,0.017969633559432697,0.018482141767260447,0.013961360309546728,0.01522603466130438,0.015006197586291499,0.026247187899858783,0.017981484200895334,0.02023685234101168,0.022415918337148157,0.019055768021282306,0.02101497778647015
64,A018SM1_1.csv,0.019799321433303,0.018877086195624834,0.015298290642673223,0.017880347959046108,0.01838903964760552,0.013891982098562438,0.015149539329214824,0.014931052551315532,0.026113193300326396,0.017891713991414246,0.020136550143620282,0.02230401867560256,0.018972454576498873,0.020924301166969573
65,A002SV1_1.csv,0.01969022408945705,0.018697439136526665,0.01515241830532843,0.017704188441015036,0.01821821205396469,0.013755148642620948,0.015001325312768314,0.014786046265066308,0.02585397659708263,0.01773932597476312,0.019942082216636042,0.02210911575057247,0.020258311427966486,0.02072772427475367
66,A009SV1_1.csv,0.02101194890668282,0.020099590419941426,0.017243842607447105,0.019265004640646597,0.01970458336515527,0.015244687062434734,0.016677752166804557,0.016206474178170685,0.02664931851863385,0.019465971595954104,0.021416118771146162,0.023585598021076768,0.021581332249728188,0.021994733236103733
67,A019SM1_1.csv,0.020906522515984106,0.020027579157012552,0.017151543150128408,0.019433327086736566,0.019651694854337813,0.015165748068102423,0.01659131622983517,0.016126534862860028,0.02649691077104078,0.019360781195037438,0.02130904149424468,0.023471510934981756,0.021468995600254195,0.021876432831829544
68,A005SV1_1.csv,0.022915862736067404,0.01986249505686906,0.01701394898599455,0.019268078362039018,0.019484319312759492,0.015056006831913736,0.016449797755248116,0.015992406751165457,0.026567598980637725,0.019199573104008518,0.02113070861912406,0.02328130894944899,0.021305054696313597,0.02186502960746288
69,A019SB2_1.csv,0.02276677690954109,0.019787214383556434,0.016897194323596803,0.0209477327144475,0.019550696654524007,0.014970507014594646,0.016356657345326465,0.015931435045567637,0.026359321802379418,0.019071356157000705,0.021012364181896684,0.023134477195710244,0.021157874829834264,0.021712950254362654
70,A029SB2_1.csv,0.022595135313198806,0.019637298729929593,0.016769080548815166,0.020787875669602704,0.01939922357017121,0.014855866757431637,0.016231004856174524,0.015810246276721496,0.026153162596910227,0.018924927356794876,0.020984745847335676,0.022962369093442705,0.020998515310600013,0.021558926545054344
71,A012SB1_1.csv,0.022454829286033054,0.019506441921747004,0.016658138190647147,0.020651619944480785,0.019265083483775685,0.014757062460954769,0.016120203845513884,0.015699829676214475,0.025966038448260384,0.018796243739710082,0.020836916354385802,0.022803841375710593,0.02085907122134245,0.021415320271902624
72,A015SB3_1.csv,0.022303861757326366,0.01936949631346247,0.016543283440872646,0.020510120174478084,0.01912453187644524,0.01467264796215632,0.01600400254964927,0.015589241060699952,0.025773928106302968,0.01866062558058261,0.02068622972142144,0.022638110434263708,0.020735334705007408,0.021272085715645234
73,A015SV1_1.csv,0.02222041682698695,0.01931733864814006,0.0164804027575617,0.02043458186866216,0.020157120713464795,0.014634479182797745,0.015937019960769898,0.015539624146470114,0.025612242441964906,0.018579077972178004,0.020581179654045836,0.022516828730241502,0.02065101357244852,0.021179582823113018
74,A003SB3_1.csv,0.022070028452025672,0.01920372465333959,0.016368180331680117,0.0202963911861773,0.02001931872442764,0.014534365009258738,0.01582879441723534,0.015433828437654059,0.025436745641641893,0.01845346178167261,0.02044080852257433,0.022379856734288057,0.020512753883861,0.021038578948816843
75,A011SB2_1.csv,0.021944174853365653,0.019111865379216428,0.016264763024509854,0.020168070620405223,0.019899338590007695,0.014452573874802465,0.015727552215451846,0.015335294876480481,0.025271885239979117,0.018342897609127946,0.02031395294925493,0.022239225853080094,0.020381596647849456,0.020911348072000357
76,A001SM1_1.csv,0.021856717554480296,0.019032804769736747,0.016198016780772866,0.02115479334350775,0.019816933936545815,0.014392309883166655,0.015660548545663778,0.015271096659522402,0.025164698571594316,0.019442409039445687,0.02022786749259802,0.022146860607971136,0.020294747840654926,0.02082964769484708
77,A008SB1_1.csv,0.021737304437463398,0.01892286404880006,0.016108632629591252,0.02103680045642502,0.01970602945826841,0.014304383943666238,0.015584771892067107,0.015236898859022139,0.025023121880758593,0.01933859448678102,0.020119760420244697,0.02202441948270499,0.020184568958915444,0.020711885190461223
78,A017SV1_1.csv,0.02159116321906575,0.018794841841722178,0.017467599785833843,0.02149104529402252,0.019568928625181697,0.014203571202954792,0.015478900296822294,0.015137348157372527,0.024840366320311506,0.01920758049996032,0.01997939820666207,0.021871517014860155,0.02005172680831344,0.02057637393824978
79,A003SB2_1.csv,0.021450327254697046,0.01868167027886312,0.01735308154608756,0.021350755459067304,0.019440267199706998,0.014109967418292459,0.01537796255728527,0.01503801247416058,0.02467646379974797,0.01908300018409919,0.01984829215349939,0.021741747606111844,0.019921781882771127,0.02044515442870258
80,A005SB1_1.csv,0.021319253262323215,0.018576702156161376,0.017247079766020045,0.021219956394324512,0.019320815015281344,0.014024259781359814,0.015284240641293637,0.014950836658019205,0.02453593603186736,0.018968446229612888,0.019728524489155148,0.021623316229241192,0.019805590713965985,0.0203521939380135
81,A026SB2_1.csv,0.021178702263720834,0.018453665554847055,0.017135733699220064,0.02107606860403216,0.01919028662054785,0.013930486401617617,0.015182702607221727,0.014853702462300174,0.024430093247749064,0.018841657547889693,0.01961904830429107,0.021488535535150153,0.019674280081056844,0.020253933281635602
82,A023SB3_1.csv,0.021164924505676547,0.01848541219423943,0.017040932837575,0.02115416244903423,0.019077681348076882,0.013866024970817637,0.015102022137928014,0.014789145490101983,0.024286381961640846,0.01874753253452942,0.019524281969761737,0.021376855348458214,0.019616370323380494,0.0201582306942381
83,A029SV1_1.csv,0.02101669563339831,0.018356114583115868,0.01691997881795904,0.021004236858987602,0.018940772979775016,0.013767277910256542,0.014998360615056158,0.01468425356462063,0.02411014690464047,0.01861357095564206,0.019390724880236913,0.021229125107398075,0.019495298799142812,0.020023308870707805
84,A002SB2_1.csv,0.02090422776859546,0.018242300094809986,0.016813069115141847,0.020873666521055996,0.01882203898810352,0.013680231164465003,0.014903592511870626,0.014592571648958223,0.023956368524360908,0.018503669502106402,0.019275292683895683,0.02109932908978957,0.01937284449139346,0.01999213294574948
85,A018SB2_1.csv,0.02078854984349835,0.01825554825486061,0.016712948040287966,0.020747896811658756,0.01870845492229992,0.013598865392348313,0.014814150877286228,0.014506273205627513,0.023810523003903027,0.01839393916825265,0.019160776503099986,0.02097297558431781,0.019677201454075918,0.01989003063491677
86,A002SB3_1.csv,0.020847319305155723,0.01816692624182818,0.0166102433299581,0.020623065786419172,0.018597633900140836,0.013514693299218065,0.01472311385816494,0.014677518354728362,0.023662364486543297,0.018293976192307677,0.019045570846311574,0.020844897916369502,0.019558187714852824,0.019833831523278778
87,A016SB1_1.csv,0.020729423615742478,0.018070064347966503,0.016513833676488433,0.020530252219063357,0.018498529331873906,0.013438659673848968,0.01464447000816214,0.014601961544528313,0.02352022368387422,0.018252521686717704,0.0189425144500485,0.020726874151837705,0.01945663962574219,0.019741741777526772
88,A014SB2_1.csv,0.020679786826763358,0.017992155274637735,0.01644687943885639,0.02045872145685883,0.01910930413036777,0.013386854798021158,0.014584873008481797,0.014540975315296124,0.02339613431666757,0.018167682290288638,0.018858642019696455,0.02063088038382003,0.019377063698755574,0.019707478953866767
89,A015SM1_1.csv,0.02061037646477127,0.01793434357622639,0.016417306155494568,0.020442472235832152,0.019110239528440834,0.013342378812222201,0.014536643748492159,0.014493730411739462,0.023312830171197126,0.01810667683123784,0.01879493437925703,0.020558660694929728,0.01933191299058641,0.019647614058741544
90,A018SV1_1.csv,0.02050497252245743,0.01787231058138353,0.016316409016005527,0.021017914890292894,0.01900194529742553,0.013261497727154513,0.014448172330867627,0.01440562088045213,0.023163205039934215,0.017994296679107954,0.018681161541922637,0.020432460280643435,0.019223833727851195,0.019548773048009723
91,A009SB1_1.csv,0.02100503813933285,0.018514316801646818,0.01704929132055368,0.02155444259803274,0.019522741058166444,0.01386125415357951,0.015173948823445851,0.0148470418435529,0.023414753924451342,0.018749620029175147,0.019271616497225072,0.02096077774837524,0.019803789333727145,0.02008105980995717
92,A013SB3_1.csv,0.02089144532016429,0.018474009715837528,0.01695603342205794,0.021434699359305844,0.019415939159514336,0.013785563154044741,0.01509094505913201,0.014766984816894133,0.023285419479870336,0.0186483381728346,0.019165804117594616,0.02084667902748069,0.019698275728510455,0.019972519072756788
93,A006SM1_2.csv,0.02079523186418201,0.018389300366203513,0.016884985309029963,0.021335417164573052,0.019331766124244528,0.013722547644493566,0.01502176572852925,0.014700231679631727,0.02317612626465016,0.01856472820079219,0.01907975489297584,0.020750112691790803,0.01961006301921602,0.019880369786175193
94,A017SB1_1.csv,0.020688715260904406,0.01829573783809202,0.016803228840996633,0.02123459831557895,0.01923292007098879,0.013653174262250281,0.014945195666423468,0.014626740777997568,0.023054794300675387,0.018542982772365452,0.01898253895182952,0.020643396939929354,0.01951185046955589,0.01977985870850533
95,A005SM1_1.csv,0.020605529100371504,0.01821550619134616,0.016726424591981683,0.021135917465442522,0.01914359113210876,0.013590831683049708,0.014876324838944063,0.014560826927870143,0.02296138199057035,0.018458979819725406,0.018897935583706803,0.020557948111000035,0.01942865382210202,0.01969421517088393
96,A018SB3_1.csv,0.02050655110801407,0.018270097033994778,0.016640300171393167,0.02102467647623544,0.019045838450822552,0.013521339073836883,0.014805040200495308,0.01448688627112335,0.022838709968379917,0.01836725278604364,0.01880035586677204,0.02045085747345374,0.019331008281684253,0.01960191005635532
97,A011SV1_1.csv,0.020398528868731388,0.018169143334274742,0.016539176215470193,0.020896059306801613,0.01893296219122808,0.01346246849937488,0.014716249151811696,0.014401155265566574,0.02270079729926598,0.01826758761028877,0.01868686002741942,0.020326711191696434,0.019229845466400837,0.019492892225589524
98,A006SM1_1.csv,0.02031978192006045,0.018099121058287686,0.01647772826312006,0.020810715114740773,0.0188601392329711,0.013637029869069414,0.014660381730558255,0.01434947273585222,0.02260445262230818,0.018210978079085095,0.018617212272527182,0.020250488970415904,0.019153986921716545,0.019415329459900356
99,A019SB1_1.csv,0.02021878167738964,0.018038548023178506,0.016392195387874012,0.02102644991827902,0.018815787569460497,0.013571671681891103,0.014589987127388215,0.014290724329252021,0.022479705048495037,0.018117437171592664,0.018528457443316597,0.020158147766045693,0.019055199481797718,0.01931600514867587
100,A012SB2_1.csv,0.02013453465071218,0.01795486539860976,0.01631549070651631,0.020929153638562986,0.018724890229042543,0.013506784440078867,0.014520444318844163,0.014391141075569677,0.0223684603339047,0.01803039656773809,0.018438847316066133,0.0200621062661913,0.01896453172307537,0.019227707114946275
101,A019SV1_1.csv,0.02002808873728683,0.017900666623508497,0.01624842316114635,0.021216886047120024,0.018707611390866345,0.0134383870335821,0.014448931163857101,0.014364033642498109,0.02223183307642854,0.017931752560315563,0.018365112855675582,0.01998354151498205,0.018861216788976114,0.019122639734874703
102,A021SM1_1.csv,0.019969137624461984,0.017844295619360493,0.01619173462952041,0.021242903141786815,0.018643434957812434,0.013403439817403157,0.014398076867759303,0.014313955083667453,0.022152524591715947,0.01786938084226503,0.01831049334326434,0.01992073721105365,0.01879896087585228,0.0190702731473273
103,A012SM1_1.csv,0.01990518059159267,0.017789919872674188,0.01613219049475466,0.021167298489841255,0.018574886497404984,0.013381271769717516,0.01434902120708543,0.01426301325633075,0.022255304451053427,0.017806248261800744,0.018240891337058737,0.019849420813892737,0.01872939862663033,0.019030923586708045
104,A010SB2_1.csv,0.019957985686526732,0.017901418359881825,0.016230169335930942,0.02121801132887671,0.018670591456703148,0.013563264937292575,0.014482825457395413,0.014370497262703527,0.022291439320639112,0.017925230453274106,0.01828182724161455,0.01992152620364185,0.018743750392193094,0.01910599324153009
105,A028SB1_1.csv,0.01986785625312598,0.017819493665403745,0.016154816017674056,0.02111682116651658,0.01858249350362301,0.013498958783849265,0.014414650085861718,0.014305333309610558,0.02218453367221148,0.017840605873658832,0.018257165242457827,0.020281270276339844,0.018660781992001704,0.01902626846582158
106,A014SV1_1.csv,0.019839546439373395,0.017732002153645853,0.01607250444284831,0.02101857351559442,0.01849232921447947,0.01342242799136138,0.014332748971281672,0.014225789398646793,0.022056470452685748,0.017741595483504256,0.018157428313557423,0.02017771628318602,0.018593539539071963,0.019077028412036404
107,A021SB2_1.csv,0.019758171413561506,0.01766293650500562,0.015995605971233028,0.02108259796904987,0.018403316611015436,0.013374225643364714,0.01426350807643432,0.014159440572735849,0.021949390562537932,0.01765802603215448,0.018088783980832992,0.020089827838421614,0.01850659515965265,0.0190000605874315
108,A001SV1_1.csv,0.019648082080508857,0.018115381914225626,0.015899784216890103,0.02098700689275884,0.01829424113391594,0.013298511024019933,0.01419597404513653,0.014087134705629997,0.021811504653327318,0.01759871571654642,0.017979881040884896,0.020041906247380656,0.018398564699217863,0.018895701139939592
109,A004SB2_1.csv,0.019556447468742987,0.01805193252583971,0.01583053376615203,0.020907315594478944,0.018205922406811688,0.013242563941669389,0.014127485189021906,0.01401993348251579,0.02170680614520312,0.017515038980933043,0.017894463131936638,0.019963532097090567,0.018315322305662296,0.018810181263018436
110,A013SB2_1.csv,0.01946924309392938,0.017984039283679944,0.015757930031825917,0.02080982318561657,0.018121620411851173,0.013181484835926573,0.014062698768330264,0.013961377801539923,0.021605679108572938,0.017437217335753624,0.01781241670301762,0.019872454100708297,0.018245020207698453,0.018727463788667114
111,A011SB3_1.csv,0.01939806173507248,0.017910953745767223,0.01569156543273601,0.020773552832553072,0.01804379641570064,0.013129230847018362,0.014002748753354565,0.013915125445624565,0.021512377999445883,0.017362733407124367,0.017737033012684658,0.019787786927110328,0.018167943539173115,0.018651424364732067
112,A022SB1_1.csv,0.01943589033286853,0.01786235416313124,0.015619970862659071,0.020757690587784292,0.017960380027217858,0.01307046618030032,0.013940050611966908,0.013855436271538983,0.021415400078819022,0.01728626654189543,0.017688988364968336,0.019702421472837385,0.018221733741620894,0.018644390232180313
113,A026SB1_1.csv,0.01934611182490958,0.01777865491323079,0.015549028747467941,0.020659449566302595,0.017874291635679326,0.013008130956934177,0.013876327990832433,0.013794836367102225,0.021312060269547593,0.01720451812212267,0.0176155027452426,0.019624565869474482,0.01813715108664465,0.018559428948035042
114,A022SV1_1.csv,0.019279500252908355,0.017714000871232108,0.015474956444400619,0.02056827439260289,0.017795440381244667,0.012949810738122413,0.01381196459648421,0.013733979211937935,0.021208174595914318,0.017137534351269024,0.01754245657294697,0.019539317177493975,0.01807693167212745,0.018511398744688892
115,A028SB2_1.csv,0.019199449371716786,0.017636998818387078,0.015407338123744084,0.020474884263155833,0.017714183469075613,0.012891098584781959,0.013750295577463628,0.013708018990951695,0.021111431590645487,0.017060827923496658,0.01752292141864282,0.019650871133557634,0.01800419521176624,0.018440850958563907
116,A009SB2_2.csv,0.019300600622832575,0.017763785143052192,0.015572206151007316,0.020564335011050528,0.01786076623801987,0.013030554609936433,0.013915095115235279,0.013796615142933831,0.02111692490912195,0.01723792492825469,0.01765513169059696,0.0197514663872391,0.018126190456379292,0.018559979101767536
117,A029SM1_1.csv,0.019256452823827333,0.01771899944663058,0.01553319567117301,0.020510672797302704,0.017813464878619418,0.012996835505951683,0.013878427908527571,0.013760873964283563,0.0210597864676714,0.017192486947321034,0.017609278173258174,0.019701706578362663,0.018083514295880853,0.018514866459480927
118,A010SB1_3.csv,0.0193374103694611,0.01789430550710973,0.01566927393836587,0.02058929712524704,0.0180600112777043,0.013191738482623328,0.014032722284790564,0.013887768453787896,0.02111892724305571,0.017356818762949082,0.017680785062714054,0.01978989912881996,0.0181139392963727,0.018608596279710635
119,A028SM1_1.csv,0.01928952432281875,0.017847935970025545,0.01563216829177772,0.020537274789806534,0.018012339646343984,0.013156816212913152,0.013996403684110027,0.01385162824008747,0.021062735456650154,0.017311524546907937,0.018020855614123626,0.01973964500502173,0.018071089521374307,0.01856384132480072
120,A009SB3_1.csv,0.019444669220237486,0.01801427402044397,0.015841867552609898,0.02066379575896991,0.018196753802545616,0.013338029959963157,0.014216666921424728,0.013990355676732126,0.02109808978486044,0.017528763862776492,0.018176046573160857,0.01987074829028085,0.018241596063715854,0.018724475261877312
121,A026SM1_1.csv,0.019397329255479566,0.01797059669134684,0.015802165520422885,0.0206126200967684,0.01815003179473524,0.013303894597979428,0.014181983777861432,0.013955882907183895,0.021043546929431865,0.01748462762735801,0.018133275195770123,0.01983083236629254,0.018198534254558422,0.018679909327294485
122,A003SV1_1.csv,0.01930361226322922,0.017890280186904004,0.015724905653326352,0.0205107911803257,0.01806081726344973,0.01323754582109827,0.01411419479768433,0.013921201576368754,0.020938046561263985,0.017399541485424733,0.018042853811365174,0.019736509217685716,0.018110694597939885,0.018592665781765168
123,A007SB1_1.csv,0.01922090796909,0.017813095442236332,0.015656986887047235,0.0204214174763436,0.017994754429342452,0.013181345390686973,0.014052384158689445,0.013860766003517391,0.020847066701006726,0.01733000760893847,0.017965159983606857,0.019652528058005724,0.018035516486933405,0.018514564729738493
124,A010SB3_1.csv,0.01961926766921175,0.01837851509132104,0.01616114252552127,0.020846949458445663,0.01850002967052374,0.013784208368040892,0.014608151590267826,0.014377893791661841,0.021177737128911002,0.017888834468930467,0.018323133688515725,0.020069154080147217,0.018314118545237356,0.018979923181382297
125,A008SB3_1.csv,0.01954055304003769,0.018312345216672146,0.01609542165240374,0.020768926422803424,0.018424402989792154,0.013728421627485275,0.014549637111839786,0.014321423814922095,0.02108973046832234,0.01781622531325856,0.018275898364161047,0.019987971743039668,0.01824151102113793,0.01890840317785209
126,A007SM1_1.csv,0.019491178288624633,0.018252255889143407,0.01604326869071978,0.020700133268424084,0.01836448929997765,0.013685441106353322,0.014501937185247598,0.014273994336314502,0.021019156071465442,0.01775812446415494,0.018215558429274123,0.019923004168148382,0.018203003528388068,0.01884818756721928
127,A027SB3_1.csv,0.019421366067057782,0.018182507865643786,0.015980864567575612,0.02061707059889513,0.018293265419142443,0.013633944455764567,0.014444036650115108,0.014225272885332148,0.02103823796448687,0.017688161632037798,0.018227878243167836,0.020465120148680592,0.01816376974998455,0.01883809794134454
128,A024SB1_1.csv,0.019349705859287105,0.01811176136212485,0.015918925710229063,0.020559188868091337,0.01821858677428761,0.013578788463071707,0.01438592891553027,0.014175831787010545,0.02095127404667164,0.0176189247413228,0.01815604342907938,0.020394891555474602,0.01809680254474034,0.01877344963643754
129,A028SV1_1.csv,0.019340284411299747,0.018037549676991498,0.015865585067582823,0.02046891705994344,0.018139450358717238,0.01352030076259573,0.01432379277151078,0.014115956383134825,0.020863965432384394,0.01754326589753836,0.02361108983292577,0.020304355386821432,0.01802289080883953,0.018816612342834695
130,A030SV1_1.csv,0.019293672387511587,0.01797459646001269,0.015803767907884406,0.020385203478559176,0.018064439398273617,0.013464021855460527,0.014265396539467587,0.014059539365469113,0.020778151691473245,0.017473393744511286,0.02355056321813817,0.02022326914921703,0.01795739769593526,0.018757809433259845
131,A017SM1_1.csv,0.019279609697074776,0.017945906707736284,0.01620835882279102,0.02058560666969963,0.018032153664237705,0.013442824144197686,0.01424360511721667,0.014040510119643747,0.020732540708388616,0.01744698782796452,0.02349998464211084,0.020188714434275973,0.017931864134805797,0.018794947830316364
132,A014SB3_1.csv,0.019685908792099187,0.01789413759434035,0.01615177127549242,0.020517338972784543,0.01801085710254496,0.013411105599382665,0.01418916480086622,0.013987516992080501,0.020651843913949853,0.017391227468162598,0.023413865555526426,0.020114654990591344,0.017874304352698923,0.0187644098110061
133,A023SB2_1.csv,0.019689807951479107,0.017864964093475294,0.01609320997494435,0.020443234430211503,0.01794412251278795,0.013360176580508575,0.01414160828367162,0.013941896387335109,0.020572639330422002,0.017331444618792977,0.023320028853581323,0.020040016987641626,0.01781761931371501,0.018707718109921473
134,A006SB1_1.csv,0.01961511595842584,0.01779726646421408,0.01603529032622517,0.020365671629762907,0.017877158964783983,0.01330988169262414,0.014088216500543291,0.01388968788141522,0.020495004598159835,0.017266187539157568,0.02323073519450657,0.019964688324550943,0.017750202907789704,0.01863681298920387
135,A029SB3_1.csv,0.019546261384261722,0.017782440936804644,0.01597792123745671,0.02029165704196535,0.01781135803781604,0.013261559293804041,0.014036871033825667,0.013839230697542724,0.020418697638491533,0.01720292491362139,0.023146288395323164,0.019896564621303642,0.01770173198533627,0.01858142543049141
136,A030SB3_1.csv,0.019494570821949865,0.01772862752281714,0.015927961028825908,0.020224076966480764,0.017751527774081902,0.01321697017053409,0.013990119112390152,0.013795235713249055,0.02129917085448511,0.017147570049332983,0.023250176221573087,0.019831528147778842,0.01764819986096958,0.01852798103516179
137,A010SV1_1.csv,0.020920795338479327,0.019527295928830547,0.017341232858551173,0.021713333941301604,0.019468112426170366,0.014998124468507614,0.015659260535541807,0.01545000436278316,0.022693976522382406,0.0189569484116048,0.024204897674322157,0.021080395850290465,0.01864626125521109,0.019908240080793088
138,A025SV1_1.csv,0.02087078924028723,0.01946582591812397,0.017299477178289727,0.021632248409099934,0.019428496149615025,0.014950746006479209,0.015615514088429117,0.01542054701953262,0.02261039835773907,0.018915521655102536,0.024139828259668303,0.0210026938889593,0.018621899406808643,0.019868364396017496
139,A022SB3_1.csv,0.020800525654605023,0.019399365837640355,0.017237319261799843,0.021554390701236822,0.01935812289171283,0.014905015137255381,0.015559107420406736,0.01536693990023699,0.022527779669552658,0.018848227473573505,0.02405367238609777,0.020931107653833065,0.018573812851820613,0.0198038850071917
140,A024SB3_1.csv,0.020830033477989885,0.01933254863749037,0.017175947318303658,0.021485751153188726,0.01928694104867837,0.014850740467428623,0.015502883862014098,0.015314393669052361,0.02244426120295093,0.018780638779832836,0.023965822125880547,0.02086570146734764,0.01850914079637266,0.019744947742614448
141,A006SB2_1.csv,0.020817507328660625,0.019337565343039157,0.01713469135961865,0.021478202208777206,0.019433581338660976,0.014891500091525909,0.015496686708902722,0.01532372876054186,0.02243097966114784,0.018814304749714607,0.023940247285724206,0.020858634360582905,0.01851956961064308,0.01975427763607584
142,,0.0,0.0,0.0,0.0,0.0,0.0,0.0,0.0,0.0,0.0,0.0,0.0,0.0,0.0
143,,0.0,0.0,0.0,0.0,0.0,0.0,0.0,0.0,0.0,0.0,0.0,0.0,0.0,0.0
144,,0.0,0.0,0.0,0.0,0.0,0.0,0.0,0.0,0.0,0.0,0.0,0.0,0.0,0.0
145,,0.0,0.0,0.0,0.0,0.0,0.0,0.0,0.0,0.0,0.0,0.0,0.0,0.0,0.0
146,,0.0,0.0,0.0,0.0,0.0,0.0,0.0,0.0,0.0,0.0,0.0,0.0,0.0,0.0
